,AAPL,MSFT,JPM,BAC,KO,WMT,JNJ
2025-04-15 08:28:40.173593,176.79099953553933,377.40765197230087,195.6118473711607,34.94134823331639,59.92892640960973,165.91629248614746,157.467001036986
2025-04-16 08:28:40.173593,176.35515915531727,379.0809509460147,192.78025014393097,35.005289998640734,59.20720340583165,163.7867918921534,158.21839052403345
2025-04-17 08:28:40.173593,178.6925300074603,379.3185070331281,193.99935221948851,33.469943450014966,59.09528802140599,166.60084364679125,161.44495338779964
2025-04-18 08:28:40.173593,184.18921893283155,380.13714076968,189.0836503451075,34.14801802434744,58.60448956691431,166.4453954655575,159.26839449449835
2025-04-21 08:28:40.173593,183.38190515449585,374.9999005035953,192.04041464535817,34.41173450999412,58.2759976602534,166.52465600976907,159.59442672108264
2025-04-22 08:28:40.173593,182.57819010139383,375.3153440961485,193.44018997553152,35.17072738009829,58.63065279697435,167.981509132339,158.56187922344057
2025-04-23 08:28:40.173593,188.3995599112296,378.8297854344724,194.22177462020247,32.93324946958524,59.62145483952106,168.49361648182585,159.26095826283597
2025-04-24 08:28:40.173593,191.34776708386303,388.876572937007,197.1235187772041,34.44963602757953,59.86868803840681,170.46290914733856,159.31534234037375
2025-04-25 08:28:40.173593,189.60851390495375,395.7468066907782,202.08750622484916,34.34728712975253,59.164702276300495,171.09285312046708,158.3172525765122
2025-04-28 08:28:40.173593,191.7228765304961,411.2431768855448,205.2027964785239,35.188109473237816,59.4395830617207,169.8782224403291,159.1133861618888
2025-04-29 08:28:40.173593,190.00343793143264,405.7274780646247,199.57754893430203,34.38659716486277,60.16274374478049,170.65763091115429,162.0082125454428
2025-04-30 08:28:40.173593,188.29063387630595,412.2604091918578,195.7868419236804,34.85360243196284,59.8079141674043,168.35806805945393,161.72323395666575
2025-05-01 08:28:40.173593,189.2583056562152,413.785837061074,193.99103045053087,34.04935059304711,59.73972287822445,168.61948040447243,162.91150826246124
2025-05-02 08:28:40.173593,182.0729996009232,430.2613213108633,194.10575010236,33.58549911140698,59.76044550962713,168.5943965894978,160.82905450708213
2025-05-05 08:28:40.173593,175.8464022241881,424.1733950505239,195.65178013936168,35.003099024677084,59.30333887003356,168.21549715698157,159.31495128346
2025-05-06 08:28:40.173593,173.92163136420427,417.93168644401794,193.5610144608605,34.85976088554354,59.69965148031812,167.99808701459057,160.09146235761764
2025-05-07 08:28:40.173593,170.45074303871357,413.5897658938494,194.14198812974905,35.029999336921534,59.63938578742344,164.24632206001817,162.4914191301383
2025-05-08 08:28:40.173593,171.57315208840117,397.9436141630027,191.9810433630797,35.704028721495504,59.90152023730604,163.20587106550306,163.09363402006582
2025-05-09 08:28:40.173593,168.50877297784106,394.336816245812,190.25844218394988,36.09695161239543,59.38187923486287,163.42850652884616,162.607520346597
2025-05-12 08:28:40.173593,163.79961433405296,389.10617974873503,186.28205663788003,36.22001391424893,59.1339846511089,163.78286475231707,162.63075924657858
2025-05-13 08:28:40.173593,168.65020828032377,390.3151669514812,183.73958623157756,36.51445155256502,59.57298432929947,161.804023525118,160.62160626903267
2025-05-14 08:28:40.173593,167.93925894077157,392.87235875162014,180.05096459655078,38.44880984057325,59.36279109089527,164.30203398610968,161.6166817373075
2025-05-15 08:28:40.173593,168.21645345151163,406.2972296295482,177.45137098163195,38.4039164898088,60.399837592336425,162.63533802241517,163.06692165676634
2025-05-16 08:28:40.173593,163.47359664862103,413.4105308251199,180.29141397580244,38.577662683374655,60.17053795278346,164.56801285099192,162.3541719061561
2025-05-19 08:28:40.173593,161.74279468898547,409.2829302000476,177.7599452371791,39.47321984913469,60.31776606855666,165.45278518101716,161.61539199533718
2025-05-20 08:28:40.173593,162.15013612046846,402.8279391660926,184.81447860155893,40.43721787153215,60.89234757811638,164.2111070780281,162.06933444721892
2025-05-21 08:28:40.173593,158.4661058562484,406.5559284914557,186.21902585682105,41.49726606121255,60.04084985560552,167.75046905979468,161.38585607778535
2025-05-22 08:28:40.173593,159.7043537269082,397.0570753913528,186.77256970545656,42.08453806304608,58.995653450531,165.38960901608928,161.3033352699365
2025-05-23 08:28:40.173593,157.83377275708912,410.3053841243691,184.4051588944309,41.03048417421918,58.10738166903119,167.25517901112966,164.71445204754215
2025-05-26 08:28:40.173593,156.96034038852554,419.1802576501352,186.3791512450261,42.50903792862312,58.85265770923595,169.30522370251825,164.3322721859489
2025-05-27 08:28:40.173593,155.11854699725103,415.8078846800117,184.8071237330942,41.44122795701104,58.539645055135175,167.98507595423806,163.76805351280575
2025-05-28 08:28:40.173593,160.91153657366485,403.1521806290394,185.18230940151807,41.72128695646937,60.0489137657794,170.83403289356596,162.7321521100623
2025-05-29 08:28:40.173593,160.9163728511957,413.1381403001787,192.3305813692944,41.03313318313918,59.722098994589295,170.3641439477903,163.96760154393093
2025-05-30 08:28:40.173593,157.560587638798,412.4516215404559,192.0919186401635,40.97933695546377,59.84426132637935,170.9969314999626,163.695047753919
2025-06-02 08:28:40.173593,160.1998690092953,421.8063103998404,195.44182879821415,41.27982913214189,60.779094488599455,171.57385156042525,162.65661050590074
2025-06-03 08:28:40.173593,156.33634911387435,409.8693192608012,193.4194658665579,41.5757996758268,62.01053539952047,171.34021860644737,164.8301973508497
2025-06-04 08:28:40.173593,157.03630945672535,405.6112892009857,193.3566379325802,41.965874496451896,63.30128691175287,173.0501424623523,167.19485631439073
2025-06-05 08:28:40.173593,150.92863306942868,405.8118179851179,198.53125012049716,43.4599287848997,64.07885854370772,174.74116503157387,166.21605822482334
2025-06-06 08:28:40.173593,146.96468556290702,406.3173177552944,196.70386806401655,43.89790728357494,64.7478818927303,171.11836415364857,163.1385015012139
2025-06-09 08:28:40.173593,147.58740796115652,403.1881955690535,202.0909434680051,43.66650183685281,65.14448011836024,173.83950256861996,164.80661501245862
2025-06-10 08:28:40.173593,149.8114515516941,407.8697341732841,204.2768155023612,44.59703139734539,65.66456829089634,170.41488108156886,163.70302076350976
2025-06-11 08:28:40.173593,150.3698536062594,400.194780973809,202.59418703837824,45.768521860782464,65.31576748344631,172.56901966532857,165.0218542053833
2025-06-12 08:28:40.173593,150.06716425649057,399.3292274033799,204.5565378523469,44.53701122025012,64.79441775669474,174.9453747312156,161.795505633755
2025-06-13 08:28:40.173593,149.20846885088284,400.3536352044285,207.58158472624547,45.12680602087752,64.8051901802142,172.69879670346032,163.26395733637486
2025-06-16 08:28:40.173593,144.84107134463642,404.2210108900136,209.5592455035249,45.82743580072621,64.70786274996547,171.89060580425604,161.31103970808422
2025-06-17 08:28:40.173593,142.79926353913737,409.5603936313081,204.66533073905725,45.532013952675165,64.42753013841244,169.65285551202737,162.51403956232025
2025-06-18 08:28:40.173593,141.5265257731865,401.4332583478664,202.4739672464621,46.91461859407732,64.88908087703042,169.25772512792852,162.56161240736506
2025-06-19 08:28:40.173593,144.56120045080607,390.50863154695696,201.76272083829824,46.764434441998816,65.52194746261765,168.67439337277824,161.03525734766552
2025-06-20 08:28:40.173593,145.59804625967868,399.645823890595,201.57780501481767,46.89830614561125,65.59297776569966,170.29466717892817,160.4039406622476
2025-06-23 08:28:40.173593,140.5078216315931,402.19622454809473,203.49482636169375,46.72442691741603,66.5752523388009,173.0149039475878,161.5288831037978
2025-06-24 08:28:40.173593,141.46070062939023,396.9384107736077,204.0779438419043,46.74511364565136,65.82848498060966,175.95584687915505,161.72416256364926
2025-06-25 08:28:40.173593,140.4136586558259,408.1799985384978,200.031044464976,45.62238707949204,65.7141675895403,174.8128348264152,162.6935581866162
2025-06-26 08:28:40.173593,138.55480085967108,409.193159834932,201.21182127247,44.18158102504261,65.25625660197805,174.41764200883813,165.93350373273677
2025-06-27 08:28:40.173593,140.29138102774755,418.0429232392332,203.094919684498,45.73584978535085,64.05127592889136,170.93779057988274,163.3627928451391
2025-06-30 08:28:40.173593,143.226275379054,418.7182016286733,204.84089760937547,44.8882204363143,64.01112814984813,169.32748124359188,166.0292208927774
2025-07-01 08:28:40.173593,145.9369189175792,434.41739688142377,208.20268719802016,43.91366881528999,63.94599842186764,171.33032387557668,166.22738662593648
2025-07-02 08:28:40.173593,143.5312436004394,448.3170746296252,210.84870023782543,41.83766845603542,64.92657817048138,174.6947363974216,164.75829549899203
2025-07-03 08:28:40.173593,142.6866702366681,446.4873336422688,212.34313282107925,41.25373348825073,65.34912792759647,172.15079907197477,162.5912071887585
2025-07-04 08:28:40.173593,143.67481375770203,454.4742227957717,212.1621133428272,40.057046199797895,64.69290059513351,170.96991842412567,162.30810274343236
2025-07-07 08:28:40.173593,146.52114149086012,459.9355336806683,206.9186510379764,41.5080860012856,65.90530543613288,170.95848582237338,163.8283617694412
2025-07-08 08:28:40.173593,145.16091470726528,471.4501890390058,208.2934751036477,42.43437945086577,66.72321248373419,171.57597657380546,163.64397438934074
2025-07-09 08:28:40.173593,144.6654544441548,463.4503288524455,208.9840336501001,41.79619576574751,67.12495141377923,169.95196839313115,166.14143497253636
2025-07-10 08:28:40.173593,141.50788504484714,469.358822929414,209.87716506959651,43.87152683846298,66.9863490627491,170.85929649593564,163.755352072358
2025-07-11 08:28:40.173593,138.16488402135474,478.4886221421188,205.89973492861327,44.82348811120265,66.35705301640508,169.93049303014809,163.7601190760617
2025-07-14 08:28:40.173593,140.45158420687014,463.532354586796,202.60207604890545,44.5076487955632,66.12333897928025,169.94350507521662,161.7337620980514
2025-07-15 08:28:40.173593,144.30344089368305,453.8451526483357,205.8431607813464,42.06476078182799,66.85648058751534,171.10004046996298,162.34613768632346
2025-07-16 08:28:40.173593,144.13890575948685,437.3677692073783,205.76219704507693,44.18906218608674,68.12981996141498,171.1560016875752,163.81031703042646
2025-07-17 08:28:40.173593,147.07511010713077,435.4217787236369,207.9067556961731,42.84259520109577,69.1948549627853,170.30250991741232,163.14563734980914
2025-07-18 08:28:40.173593,148.18298580421464,441.21975089103125,208.0366507729303,41.29603010649007,68.87043528538642,170.12108364825016,158.92144790106522
2025-07-21 08:28:40.173593,146.3155252711825,453.3278916683411,208.1711136170943,42.2291778951188,68.11312397260629,169.9832250906697,159.2614573937117
2025-07-22 08:28:40.173593,147.4169756857771,454.1138289756523,211.14260161150133,44.5000330574299,68.22270862141978,169.2709728788005,159.98090279481173
2025-07-23 08:28:40.173593,151.9958547609338,467.6078576511583,209.55044473486788,45.85968715678848,67.02987592762963,168.78761068636186,160.65169432917074
2025-07-24 08:28:40.173593,151.93254532861778,456.1786676423108,209.8944870971585,46.433208433774304,67.25990082067139,172.0677896239135,162.6610971127006
2025-07-25 08:28:40.173593,156.7325309554183,442.3742979393016,208.48103047527144,47.045411505513286,67.17407544768228,173.26900060609125,160.9433086112844
2025-07-28 08:28:40.173593,148.56756510226387,442.10893592104975,207.16396336287588,47.93340034192044,66.87445455139311,172.6979469033986,162.0622124133949
2025-07-29 08:28:40.173593,151.05429644832415,445.3421573006009,206.2446563186623,48.73851029630855,65.82138046435439,174.18547252705585,164.01912580317463
2025-07-30 08:28:40.173593,151.36258941027077,445.2582078698459,206.97311380073648,49.04489087181021,66.17260342065784,173.5312608284449,161.12650486511382
2025-07-31 08:28:40.173593,150.5028276507095,428.8664909949021,205.52818702919407,49.16222705988232,65.83333592729399,176.01752921328386,161.66571765568435
2025-08-01 08:28:40.173593,150.82418362572506,428.3500668160829,209.44069186419887,49.09944449613225,65.07630731395632,176.8422956599515,160.87488157125892
2025-08-04 08:28:40.173593,144.8739617019218,418.46355408419504,206.67207241771743,48.28993110595347,63.2201603906413,176.65879954416718,160.7678632996886
2025-08-05 08:28:40.173593,144.2809291571212,423.67514349323744,206.13408958257696,47.99657693631286,63.215409455615095,177.6520818598442,161.35093053296367
2025-08-06 08:28:40.173593,145.3547041084964,426.6403477119849,204.81566298011555,46.213741690394045,64.34838864092467,174.34766185520178,160.588985350524
2025-08-07 08:28:40.173593,149.6946875512712,419.5931723518387,209.30208213323368,46.1183809381294,65.43025185436329,172.03385748675842,159.52796095006943
2025-08-08 08:28:40.173593,148.1879499897045,415.879938720564,209.96103240931689,45.11996390824728,65.14425867283289,169.61211965832135,159.60637279944575
2025-08-11 08:28:40.173593,145.8362261828508,408.1171889136992,213.25273178769,44.029009881067445,64.76498094220639,169.9454612637566,157.89499994893745
2025-08-12 08:28:40.173593,144.41648997676498,407.81998828357473,208.54338521726245,44.20766513194658,65.0815354960038,173.52114435787905,156.20422061223098
2025-08-13 08:28:40.173593,147.10379813887465,414.99458661809547,209.42046739131905,45.56590365908754,64.44478722911074,178.21065770124747,157.28886098701273
2025-08-14 08:28:40.173593,148.1151400157825,407.797306936624,212.2569549401749,46.49102662140156,64.65216533426991,179.61970044288995,155.50552926317297
2025-08-15 08:28:40.173593,146.59026442267233,411.66030446818,212.56138656622184,44.88936364588031,65.16038325551126,180.74414378269668,156.56500787364803
2025-08-18 08:28:40.173593,148.1390416767918,407.8958203627035,216.0010986317799,43.91652948171748,65.97288972313459,176.88296216189067,157.31274871890864
2025-08-19 08:28:40.173593,148.47110289186986,402.23760743238745,214.3682757485381,44.82986005814802,65.92000976264987,175.7753059122159,154.62143162858013
2025-08-20 08:28:40.173593,151.3919600238395,401.623573028967,218.9429401139358,43.86535805220706,65.79893200860181,174.15757457888185,153.5969646776738
2025-08-21 08:28:40.173593,149.31167373338877,394.3002234895228,226.53664141507272,43.65296508980196,65.23438862969621,172.90361022979212,155.4541200203869
2025-08-22 08:28:40.173593,148.37799156495703,390.5284707719208,225.3490053104875,44.18558129798934,64.70802516376519,172.59796405309595,153.95217589601342
2025-08-25 08:28:40.173593,147.25890055766664,382.2641845720737,223.8881718606349,43.24868887815278,64.57441675043567,171.66333107339915,153.2603082556187
2025-08-26 08:28:40.173593,142.992766183601,395.9358831610683,228.81388339889463,43.35327550161565,64.82455576715458,167.62896852246288,153.99145325118357
2025-08-27 08:28:40.173593,143.88252516426644,396.3455754150126,234.281066727175,42.08525458340371,65.42974785382073,169.17533286195777,155.22090639904735
2025-08-28 08:28:40.173593,144.67691575718948,391.5121176814167,232.49047986686344,41.53267148019607,64.91731584114638,167.03984679371473,154.8537485961429
2025-08-29 08:28:40.173593,144.7351148146344,393.1766856323604,231.07163644173164,41.82901550369704,65.89931265715076,167.56117186973722,153.95170972370818
2025-09-01 08:28:40.173593,144.09947543541705,392.53899044155554,230.1411643086176,40.36726449454927,65.73382393014381,171.77349083508088,156.16456520084634
2025-09-02 08:28:40.173593,140.0636216485256,391.13470073438936,225.54599145200817,40.76247794650785,65.73292515528422,169.92132339918822,158.90353498487494
2025-09-03 08:28:40.173593,138.9272985882996,395.6151489662884,222.48312668926212,40.74894351669784,65.2549076465095,164.8044060766919,160.482810560299
2025-09-04 08:28:40.173593,138.01672873851493,401.1676624858375,219.1765576532527,41.24831281386342,63.68602288506818,164.27999010714254,160.64380393498922
2025-09-05 08:28:40.173593,135.84358007235176,397.4973712548384,216.69614455537223,41.45563141054238,64.26177344308607,166.49144776002046,159.3694717044329
2025-09-08 08:28:40.173593,135.4461405766289,393.53641793775705,216.62674256371756,42.70390563654215,64.74813475355343,170.44564785640455,158.06990226166036
2025-09-09 08:28:40.173593,136.58131700184606,391.7454610313265,217.43112553077756,42.82582268468391,64.57893003472236,167.97340274199237,158.9195502824966
2025-09-10 08:28:40.173593,141.7746464868996,375.6703501928711,222.53151776521253,42.42553306454325,64.63510770913571,169.016583196674,159.60830478606522
2025-09-11 08:28:40.173593,142.31219303481947,365.574795907934,219.24354546947603,42.54392342653907,64.98151259975425,168.11509514010535,161.86931378589026
2025-09-12 08:28:40.173593,143.0879379111445,374.7155318906482,222.5244891664753,43.05668647327422,63.97914296940452,167.94338570192505,162.94647328426606
2025-09-15 08:28:40.173593,142.91781804106012,385.9605272341408,221.85472769057952,43.10727470196122,63.65345542917555,173.31457124422732,160.52169891291058
2025-09-16 08:28:40.173593,137.47616147826176,384.38478598473984,221.73449226858503,43.15008096746495,64.17176303409416,170.23205999033516,162.23438135539024
2025-09-17 08:28:40.173593,137.44450381025183,388.5276949464733,224.0233005290664,42.48799401588003,63.37969775030309,170.79295350866238,160.6395190283183
2025-09-18 08:28:40.173593,137.65130338778954,390.8598335161895,220.2953667964664,41.87260555048505,63.5784298199824,171.7941961247394,160.04680535170135
2025-09-19 08:28:40.173593,144.47396852567172,412.6775725733581,221.60307229935813,40.5847165906799,62.72865209534325,174.0755261400449,160.4712498095933
2025-09-22 08:28:40.173593,143.96148767680234,421.1590658241547,222.2006877247834,42.15090874040848,63.03378306671143,174.3237226494996,163.6977930599648
2025-09-23 08:28:40.173593,144.87290020325202,420.3578036905351,223.88647300533165,41.00166458543092,63.02392364869162,175.01170978188844,168.8132157710669
2025-09-24 08:28:40.173593,144.8157861783453,413.2959069549422,224.9023645167565,40.38073888867981,62.018608990939335,174.23294568431655,169.86276646038493
2025-09-25 08:28:40.173593,141.47437033805403,401.5103469174292,233.23038709562417,39.746561006021714,62.7533678587419,174.83919327757135,169.57706303073363
2025-09-26 08:28:40.173593,144.75041541098494,403.1414206465944,231.04592802214387,40.53307932169027,62.30493757786624,174.16286154884602,170.50889857061495
2025-09-29 08:28:40.173593,146.97069291246132,397.8141835635546,229.25186694406844,40.27411781808785,61.81257129027686,175.50545913218107,172.04800639516034
2025-09-30 08:28:40.173593,149.33995438779124,387.78904066751096,227.15487538168645,41.3836828771815,61.94891078255962,174.7709119162361,171.52211133919377
2025-10-01 08:28:40.173593,146.66859875371009,383.4309464707413,225.3076163200594,40.77464775235102,62.672868891528886,175.6054788009302,174.62702407655644
2025-10-02 08:28:40.173593,150.8275168518297,376.1197373051003,223.1985552284256,41.02899476829829,62.04875878852732,175.5877156457319,175.05498385021423
2025-10-03 08:28:40.173593,146.64401081094405,387.6923960344621,227.22399651776004,40.27908177046114,62.09944012153832,178.004259669468,175.95256618201626
2025-10-06 08:28:40.173593,148.40918557434188,393.9999635294733,232.11103110154423,42.18401169544138,62.378152655416685,177.93898111375708,177.15066987726175
2025-10-07 08:28:40.173593,154.95538303927808,394.1010215479015,230.17030564667093,41.08608145345869,62.82297475970962,174.1975667685434,177.9240859825597
2025-10-08 08:28:40.173593,151.93209094069098,404.7571169019877,227.34258665777855,41.37023507820387,62.94638518839901,176.87900001876295,179.44345181285513
2025-10-09 08:28:40.173593,150.25689460490287,405.4826964653231,228.9956476548041,41.9512010698401,62.72794370809864,175.00075948483237,178.36274790626243
2025-10-10 08:28:40.173593,150.6014377665085,399.35864441711306,227.14459667920968,42.33730231102063,62.22135896909799,173.67159440523363,177.39369996850132
2025-10-13 08:28:40.173593,149.13013505003178,410.4672976768745,229.3465312355882,42.168955289426776,62.28740313559202,172.47361894389073,175.46870472426804
2025-10-14 08:28:40.173593,144.54986115270603,414.61317368374426,230.0904959059367,42.052735312736296,61.63205306764971,175.3613890919489,176.2662121465932
2025-10-15 08:28:40.173593,144.7914414808204,407.0380123943598,224.90513927882463,42.09747321543315,59.8438911979838,170.91105187748795,177.66565394818312
2025-10-16 08:28:40.173593,141.75862919324803,405.8062762095569,230.17074839927804,41.96553788057894,60.117114350437646,177.3890904694358,178.5056089525214
2025-10-17 08:28:40.173593,143.14387305726885,399.57263382987145,236.41716016970716,42.85962795730643,60.67255731537698,179.68143322418453,181.5214477088752
2025-10-20 08:28:40.173593,140.55461730176722,389.7869421333115,234.2913371719146,44.94824217576618,59.25104029056229,180.20769623899628,181.5385179516389
2025-10-21 08:28:40.173593,144.9537924297594,396.4410713644129,232.9756686858334,44.401454933186045,58.66461455194654,180.13404030639515,182.7797724198196
2025-10-22 08:28:40.173593,142.72656786434368,410.2251290082809,234.02125902794467,43.06782768284664,59.0395719355576,180.7963299272325,180.81178100876997
2025-10-23 08:28:40.173593,141.8500511377185,400.06212291874266,235.2421132659984,42.98848791260555,60.26611636785597,181.9721332796393,180.13898090959765
2025-10-24 08:28:40.173593,144.20055533076587,404.2761557913409,237.61292188439324,45.43253844235216,60.29070115119439,183.4265613921665,181.4189363850545
2025-10-27 08:28:40.173593,140.6939891380331,399.7031592741595,244.8252030793932,44.63379623069903,59.86384121375627,184.69536943283228,182.9865812436456
2025-10-28 08:28:40.173593,141.37624224614515,396.35834055050816,244.2243510064256,46.2477797311572,59.7663251469104,184.94008491941227,182.47610916331516
2025-10-29 08:28:40.173593,145.1146337324135,392.29047897698496,241.3487414797625,47.9593831386225,60.59999152297609,184.54837053012812,182.372829050709
2025-10-30 08:28:40.173593,140.4927813062463,386.34655881692674,236.40355683135635,47.38008456406394,60.22065728348976,184.2595007667247,179.63199568182682
2025-10-31 08:28:40.173593,141.05372362680828,386.83852839217775,233.85892062416525,47.97790883348138,59.75142273558456,183.87460121271937,179.01760180260328
2025-11-03 08:28:40.173593,141.82918846060193,381.20728043993904,233.78948683649293,49.70150204840734,59.47492689746405,186.42222815616256,180.6383970290609
2025-11-04 08:28:40.173593,144.08944328562237,383.2155653506901,240.12947616401348,49.29192139831563,58.919830389989066,187.7966597136576,181.7045339093409
2025-11-05 08:28:40.173593,140.5680393325645,383.0223151175658,238.3130961078343,49.07608351407052,59.00389149819006,181.21726691238655,182.6415219049069
2025-11-06 08:28:40.173593,136.89792980186476,381.52812022974814,239.1607327214563,48.45296545796927,59.97431579131954,182.6888977821759,182.75982555296812
2025-11-07 08:28:40.173593,138.36805357701527,375.448032434424,239.1496491901281,47.37611535246399,60.18007523799271,183.16148369587907,182.8001481431885
2025-11-10 08:28:40.173593,139.23142781663805,371.70035374532137,243.4605366366413,46.70412751084138,60.040244725595,183.16615338373825,181.6205001442317
2025-11-11 08:28:40.173593,139.97072678921333,376.9030592322193,252.7373536106845,45.45121055333308,59.87704857454636,182.35798375523345,182.9169588911752
2025-11-12 08:28:40.173593,140.98257016081234,380.4521704237896,250.7753455496701,45.48983664201764,58.95303146442513,184.8634644007354,183.71442734264065
2025-11-13 08:28:40.173593,139.10743227144008,373.9099170292893,248.98441043893288,44.72381458269099,59.48544205550499,187.01163655962844,184.64589411574983
2025-11-14 08:28:40.173593,139.7953288100738,374.72802500956567,252.9339040267273,44.95831451511071,59.45103734318941,185.32394405852736,183.70228926126327
2025-11-17 08:28:40.173593,140.65667066411626,379.9461008492266,255.57159295643945,43.423900538638506,59.35563036983233,186.27551346799757,179.77410436520364
2025-11-18 08:28:40.173593,138.68930182243992,368.68096679818126,262.702196269471,43.74434135515777,61.26279062118744,184.15013206066877,181.77346694193216
2025-11-19 08:28:40.173593,143.90616789916206,372.4343172837336,265.0557249599566,44.55088364866597,61.45806754803846,181.14748718681372,180.9303335171704
2025-11-20 08:28:40.173593,145.31308934698944,368.1411821196255,263.68024972100943,42.60123967498605,61.00832291016046,179.83043505367647,179.39644999980945
2025-11-21 08:28:40.173593,141.89444344322575,372.0695342231652,266.06914596979163,42.956075817803296,60.76041095569742,181.7364077823524,180.6674360167804
2025-11-24 08:28:40.173593,143.80023795401348,367.1066234172603,270.54723702127575,44.12055995642175,61.47036337039958,183.8604521472665,179.98629694677933
2025-11-25 08:28:40.173593,141.0401889032376,355.3269509410856,273.9310342759021,42.95083115241732,61.55228517602237,185.0384506682544,181.92103513895847
2025-11-26 08:28:40.173593,143.30271218380187,345.0595072658176,276.0701919827952,44.53557046743232,60.67930267021974,186.69475749273465,183.07078690456825
2025-11-27 08:28:40.173593,146.6663007733755,345.49619009275773,280.5425623162627,44.950571538093,61.24922023819691,187.89784454373915,184.34966326162524
2025-11-28 08:28:40.173593,144.30297186875225,347.2495849956652,285.51922854445706,44.25787150638243,60.85223703978428,186.4984228961926,181.85918095721337
2025-12-01 08:28:40.173593,147.12662352986027,341.7360605197641,291.4958269228683,44.207996438726965,62.00435109043714,187.51168198265665,184.0904912398409
2025-12-02 08:28:40.173593,148.38538279767306,345.8008962244958,294.3905694649925,44.75543254989977,62.686428755266405,189.3595935393569,184.599042199842
2025-12-03 08:28:40.173593,150.86953264298234,335.597224303689,293.7114777764,44.83474448486808,62.41855591958863,191.1209210332268,183.9450499940605
2025-12-04 08:28:40.173593,156.63815891904505,335.332291647256,294.4165924767405,45.3706376790591,63.23063154486127,193.89541588650457,184.236397739498
2025-12-05 08:28:40.173593,155.9164075124947,328.15675348912555,299.8037196759162,44.45620068655681,63.28618313901471,195.59193216880087,180.99156139068728
2025-12-08 08:28:40.173593,153.6127857355711,324.437736613541,296.1898751263828,44.626287359824815,63.83852828544166,196.46571535948692,181.75833722906168
2025-12-09 08:28:40.173593,150.92605378155648,324.84431422571333,297.88707262117043,43.2427957421209,64.1607422877761,199.03780577368235,179.9146324424646
2025-12-10 08:28:40.173593,148.50879105880614,319.94324493867015,296.1890918254074,43.141306052948856,63.63054572398952,199.0242204261583,177.50796786439713
2025-12-11 08:28:40.173593,148.32433806305067,317.8565751604048,296.37603818876863,42.28771354706546,63.2337775628249,196.96780350157465,174.83228520452445
2025-12-12 08:28:40.173593,149.3808581813412,323.741139937487,302.11885086722543,41.60765696903461,63.897707450710975,196.63161815190992,176.80384856050512
2025-12-15 08:28:40.173593,150.2523186198916,320.5088910271804,303.04529409987845,42.74329843268177,63.69657322987453,194.92311910748072,175.71780724015787
2025-12-16 08:28:40.173593,152.78311833730152,325.4583361209981,303.3169888195929,43.77378903420271,63.45220230554031,193.3925556235182,178.43919761214386
2025-12-17 08:28:40.173593,152.86868266451052,318.9704142174621,297.1906401687089,44.36478065224632,62.858846434686775,193.10551774164423,177.50988366032104
2025-12-18 08:28:40.173593,157.35854006097014,322.1398558286571,300.5767719219798,43.3030923737279,63.13768769011388,191.31754621171777,174.5057810186816
2025-12-19 08:28:40.173593,156.57282736507875,330.627672508254,303.5471505487756,43.00599046781611,64.45254576969441,190.6583542681329,172.5835571916375
2025-12-22 08:28:40.173593,165.13789075977323,316.0504303470488,313.4576070864436,44.158041365543255,63.77738413868207,186.37361738446705,174.74225237921183
2025-12-23 08:28:40.173593,167.25385984954465,311.6433869273943,312.073167172236,44.30013187904338,63.8055861514283,186.8972386265144,174.496043729524
2025-12-24 08:28:40.173593,164.436777811303,315.00517710205213,313.1614458582843,46.5649871910586,64.71942287179236,186.94666653636824,173.56547849543577
2025-12-25 08:28:40.173593,160.96422660937705,313.97989291266884,314.3955384719209,46.97257017315281,64.68082330758543,185.1603792528868,173.8692497165914
2025-12-26 08:28:40.173593,162.56573186095943,316.20306701820374,321.89758167919825,47.17573032339257,64.9863572744726,186.6714634835532,174.7677759826308
2025-12-29 08:28:40.173593,161.887953755714,312.89187281249514,321.5018301742312,46.85962640744268,64.30894369206509,188.8183424259348,176.74684420843718
2025-12-30 08:28:40.173593,164.24828172122346,313.5047078954591,322.9117195081636,47.00198126206404,64.59724525077588,185.22310554425397,179.33353291228772
2025-12-31 08:28:40.173593,165.85212553938058,312.75160994688105,325.92075546059897,46.8490210035533,64.4892746599883,183.57412029470092,178.7152471194203
2026-01-01 08:28:40.173593,165.66030457774514,319.45077354818125,326.8982364076155,47.58353826752726,65.13786263924017,181.92567826185137,176.37220500738536
2026-01-02 08:28:40.173593,162.9044005641238,321.0415026911889,324.7745406358524,48.58980880999422,65.92432810703376,179.91924957138107,175.669423216526
2026-01-05 08:28:40.173593,158.0177663026195,323.1208396792784,325.78502786826306,47.75446408339468,67.64466540455997,181.75509127695835,176.15300689466767
2026-01-06 08:28:40.173593,156.65402572558324,320.8545394546653,331.0967821170614,46.36064857192228,68.05028525823502,181.37778339924344,174.4817395179661
2026-01-07 08:28:40.173593,159.38418830844708,318.166769202167,326.06486278705086,44.49247585259649,68.28560063808166,180.8474024579758,172.8378582127728
2026-01-08 08:28:40.173593,160.1144667175418,315.8167743698586,326.7804268379414,44.99416452079341,68.4319942460875,176.5438946667552,173.4579795027706
2026-01-09 08:28:40.173593,156.17328505310044,318.185443938092,323.4139962421497,43.90647264793688,68.20400190776138,177.93418072595728,173.39960681368132
2026-01-12 08:28:40.173593,156.76106172059067,315.90159770509206,329.27610113074246,41.83129499266536,68.44850223519501,175.33258714478657,173.4824866157938
2026-01-13 08:28:40.173593,158.01614527002062,317.6756844690043,321.8187206714595,42.19308253931204,68.25999409482024,175.5025180090006,172.1926524212837
2026-01-14 08:28:40.173593,155.2702752128667,329.67023338942164,319.1850117079298,44.51142320457512,68.38863754609291,176.13055785109432,171.82174821815838
2026-01-15 08:28:40.173593,155.79423508557633,334.9714114000265,321.05485436165395,44.5099293988142,69.30340227654531,179.0504331809165,170.25948793429765
2026-01-16 08:28:40.173593,156.02234501141416,333.13964583562864,328.65835167060885,45.33544602554687,68.61969471390022,176.28305747619217,171.80067411386815
2026-01-19 08:28:40.173593,152.50257359199904,340.47599734480826,328.3999427545506,45.42159452043966,69.41559984159893,169.9396622215857,173.6050095508
2026-01-20 08:28:40.173593,153.63959422911265,338.1112700905616,325.73071035135047,45.32731871384238,70.3437662861653,170.35706709156156,170.42597568766848
2026-01-21 08:28:40.173593,155.40886024900502,325.84248284514683,334.98711592109095,46.24835544438301,70.27478119073842,174.08041400810745,168.86741163141585
2026-01-22 08:28:40.173593,158.8217980929425,320.0602276017973,327.7781233395638,45.95763643341339,68.79770725951332,176.71204964025188,166.3655915257831
2026-01-23 08:28:40.173593,162.21677936713468,309.4104621081335,317.0328716135,46.23258400967126,68.39329920962504,177.20081979265663,165.30913020097674
2026-01-26 08:28:40.173593,157.7958226428897,307.5765112013565,319.1887638576003,46.56441152678728,69.29403523042903,176.199699976,165.1959959883891
2026-01-27 08:28:40.173593,154.88346391631242,307.8015129004729,316.84885060146286,45.884664713887794,69.29204783432922,177.9503270134501,162.82601952880827
2026-01-28 08:28:40.173593,156.52533787997416,317.2128124436535,312.05857370701773,46.890682853349325,68.61346926308478,175.91590022000216,161.34941579238995
2026-01-29 08:28:40.173593,158.1807058726285,319.2063974991688,315.4367159610652,46.71488430744198,68.28084837151272,176.96546606493422,159.75373885010066
2026-01-30 08:28:40.173593,159.85757221594938,318.0751908293261,316.65335875177175,45.94285574665714,68.86848702686517,178.08311657903653,160.10881921905775
2026-02-02 08:28:40.173593,172.22329553753417,322.95106099883515,314.0374285281788,46.48972350792777,69.25878786075883,180.39330317284572,160.24386194116462
2026-02-03 08:28:40.173593,174.2413754290491,310.22664853022513,308.0692834975056,45.57544286308636,69.10715814263578,186.41229177927823,159.1113583919085
2026-02-04 08:28:40.173593,178.25089822237854,311.6664296543624,312.16255691428626,45.60825651937751,68.86747764788574,187.33670876949395,159.41656718724877
2026-02-05 08:28:40.173593,181.7054069168132,316.11564667524834,315.26951635897296,45.60366751119019,68.61145718768879,186.23937210040515,158.56898104798145
2026-02-06 08:28:40.173593,184.12714478649968,307.82881648342163,314.8635633631216,46.69768592533461,67.99230041029425,186.2287766172958,158.16200565472985
2026-02-09 08:28:40.173593,183.0213904128432,314.2893961724483,323.6481166480003,47.19003649167061,69.10422996191522,182.32189971332247,160.83249534526522
2026-02-10 08:28:40.173593,185.85444887027165,316.33005689824057,318.5178824822023,47.16877298719768,68.89531372964949,180.84754317445947,163.0125171782928
2026-02-11 08:28:40.173593,183.0375451185141,314.0919640311988,311.292980351955,48.0220965888147,69.74765797390529,180.0045423794866,160.9184889687771
2026-02-12 08:28:40.173593,182.22552245372808,317.7951314011269,308.1244470699819,49.495633784816576,70.82268982209706,178.91748400824213,162.2778196114577
2026-02-13 08:28:40.173593,180.51127758880116,330.91132188580326,307.97537946814094,50.107985190376,71.54388499091701,179.2893207838122,163.61887792143085
2026-02-16 08:28:40.173593,180.86101508212,332.12695526617847,309.16111293270546,50.1244084651745,71.24939582778674,177.5647297810977,161.76464524447834
2026-02-17 08:28:40.173593,189.28790334538647,333.7437395044067,308.1042330333965,48.68281057272685,71.5513009570921,179.99778705378048,163.11340269202614
2026-02-18 08:28:40.173593,182.27567545047995,331.1176781611044,309.7929002489278,47.54691886642984,71.54829894613636,180.04323375526857,165.6464427856394
2026-02-19 08:28:40.173593,184.83212894782085,326.1849523328904,304.0390884090401,47.23239868472889,70.9160252970286,180.06815104499424,163.8118342118384
2026-02-20 08:28:40.173593,178.92594442930672,331.19060119113954,310.684309338217,46.60377001121429,71.16023121236697,179.40464733867665,162.33342778692136
2026-02-23 08:28:40.173593,177.29080511678234,326.2195929261061,310.36359996828145,46.41673190094873,70.33545581713432,179.78360165940697,164.00978254348314
2026-02-24 08:28:40.173593,181.20521091969223,326.77031432118986,315.6271920360938,46.47922267041431,71.18488261981834,181.6086172127603,164.47966287976556
2026-02-25 08:28:40.173593,181.4925299713305,324.09150551460704,317.3129190552529,47.02550415716768,70.86838231862906,179.7642795340396,165.41140114757337
2026-02-26 08:28:40.173593,177.6349252021263,327.0153413878838,319.5503870979275,46.95727141480815,71.0251145890876,178.38955056582608,165.99958625275107
2026-02-27 08:28:40.173593,175.14695726186295,329.1101748152739,322.3453374996561,47.46455251607337,71.24052514738804,177.78396935624417,166.67303980293607
2026-03-02 08:28:40.173593,177.58009090679994,335.38818802898584,324.57455807036007,47.536624454774326,71.07032798951803,174.95712404838858,164.48716934051174
2026-03-03 08:28:40.173593,175.03939347695953,332.4433807384121,327.7686448181607,45.47542384688982,71.50150726411859,173.28084334150975,166.23454566553636
2026-03-04 08:28:40.173593,175.84968089966878,330.9614316451287,334.3690164004964,44.54020453557206,71.17624429303388,172.33392409732932,168.20374345744807
2026-03-05 08:28:40.173593,176.0627116740406,325.2630214866696,335.4215490570008,44.403469393562446,71.81063623484927,174.1852506027593,167.84313020029938
2026-03-06 08:28:40.173593,173.8210800049983,322.7919076676909,339.0558604466757,43.22618758373724,70.85844179011926,174.77760864609954,167.79533359634624
2026-03-09 08:28:40.173593,181.32647987053696,325.1132362572083,338.6672904231751,43.801028102528775,70.96216407928478,175.22732522946302,165.25137595475366
2026-03-10 08:28:40.173593,183.6798039112961,329.6732078931251,346.0508328099803,45.28047433029904,72.35226248979322,177.06033894821715,166.1259767213791
2026-03-11 08:28:40.173593,176.29535198827577,324.3328395649524,342.6090511850342,46.499096902023695,71.64297059654493,176.81272688796315,167.10123163034226
2026-03-12 08:28:40.173593,177.00566117491243,329.5393243334449,351.93285038967633,46.285398995468434,71.17174256071156,177.68539992812308,167.0223748597175
2026-03-13 08:28:40.173593,174.71596385820618,337.7123877757438,351.7912434292132,47.8080023241836,71.55173408098224,177.509729296692,168.9253498994172
2026-03-16 08:28:40.173593,177.74705288163938,340.3606703212893,344.311589394274,47.96914799548389,71.69453830686975,178.11935951470576,168.38634757053498
2026-03-17 08:28:40.173593,174.98301248542398,351.9949892441499,345.0420692327482,47.61821091989667,71.96025984537022,176.91828216843933,169.36232481944958
2026-03-18 08:28:40.173593,174.6339688257749,347.23312866516494,341.58620554935186,46.98037171793964,72.32667222732367,171.7848556329993,167.66080193880867
2026-03-19 08:28:40.173593,176.45011767112035,339.5926856753356,345.9618063922408,46.67244671240977,72.80021047789228,171.5509963290192,167.6464633340699
2026-03-20 08:28:40.173593,179.55830482413575,328.8557957945766,342.644254191904,46.27853639575713,73.62263434060483,174.52277040137986,167.37931155652353
2026-03-23 08:28:40.173593,175.30170855283424,337.84302927967144,340.4195501971424,46.4566697430886,73.939078158723,176.50614922983178,167.78153730205148
2026-03-24 08:28:40.173593,174.18152630228104,341.95747825216955,330.83908502156703,46.62542952301617,73.77548228854245,178.59505887691546,167.1867065707051
2026-03-25 08:28:40.173593,172.57924677600917,341.75212455337817,328.66064370642374,46.63321654992422,74.28643187680836,181.28890971012123,166.99197987394425
2026-03-26 08:28:40.173593,170.3759992129556,343.6110631145551,316.7768697388165,47.08614818193081,75.71264366248944,181.52710359358383,168.39646119720825
2026-03-27 08:28:40.173593,176.4429326177723,336.7873587546133,309.3140684368501,48.32424162913978,75.62736567544708,182.00230315578852,167.68622514710364
2026-03-30 08:28:40.173593,177.92498871232792,351.74864398702744,312.9040355154025,49.33857668988503,74.90548030772452,180.69883492136643,165.01736958656923
2026-03-31 08:28:40.173593,173.49151094208926,352.7075042042376,316.6548169337629,47.73172999710759,75.74972549650944,180.0586416680845,167.92923952943698
2026-04-01 08:28:40.173593,176.7283835159875,353.54310577552377,318.7389956922512,45.05463554111627,75.6736870403644,181.4341553301757,170.27429424415973
2026-04-02 08:28:40.173593,184.2823067163719,358.3031391708985,314.1795484205991,45.98524075242365,74.04468262510049,184.1006229406827,168.09944420442469
2026-04-03 08:28:40.173593,188.1428930047645,361.5487085451928,314.0175353453749,44.60700186392705,74.68696225296785,183.8385823417823,169.28405410830706
2026-04-06 08:28:40.173593,182.4821626538832,363.15033766576727,314.0633699457509,44.39088812868764,74.30207928524554,182.8913961125385,168.45799063369202
2026-04-07 08:28:40.173593,180.7696256857327,358.1284986234333,308.6691838510305,43.25259537587064,74.24967158990542,182.9382776711551,168.92712460081046
2026-04-08 08:28:40.173593,185.40423765774932,361.310982610895,315.69170858994306,41.54223335908681,74.51101582941399,184.3038169666533,169.44948803052483
2026-04-09 08:28:40.173593,182.83576057331237,373.6954371660844,319.90948694012434,42.04124614465,74.66786127913502,181.1565974757858,169.07770263618977
2026-04-10 08:28:40.173593,184.51353255553093,382.894907322709,318.9131408052824,42.74759850630229,75.21252735005453,176.21026668124617,167.7778913101605
2026-04-13 08:28:40.173593,187.42749592801871,394.0284801092257,319.10553714379745,42.20969569296352,74.90002954995394,175.0901963071153,166.64448277764978
2026-04-14 08:28:40.173593,184.009079033052,390.56028785341,320.16679986915074,39.80784031559404,75.29932595032037,172.56915151673792,165.14269617126206
2026-04-15 08:28:40.173593,183.84521763780097,383.7595057862477,310.42539744405457,39.333435240700666,75.11894891676329,171.56002193150258,163.79377395366464
2026-04-16 08:28:40.173593,171.9825412119464,383.0441149153096,309.33653046542133,39.6764105286428,75.68895937427621,171.29867360013702,163.7083091632083
2026-04-17 08:28:40.173593,168.51060017945431,383.5815443559901,306.2339581548988,38.389464313854354,76.16986241112822,170.40980805321288,162.56110683374283
2026-04-20 08:28:40.173593,167.70994514395863,391.2897870783061,301.6942540435708,38.54816322041871,75.47257401132264,173.4225870702584,163.6942423869727
2026-04-21 08:28:40.173593,163.57494514752423,379.5259087503613,300.4824977467746,38.53903437231514,76.30728718250482,174.14592178569393,166.15333284973727
2026-04-22 08:28:40.173593,168.9644494210448,390.12679066337,308.645194312626,39.03404564607613,75.91356947468492,174.81737487806907,165.2144780568255
2026-04-23 08:28:40.173593,164.18227774544366,389.1732653209378,311.6738193930827,39.1406385729399,76.54217770667361,176.16635065641316,165.63479112453808
2026-04-24 08:28:40.173593,162.78658230606257,386.3385820289538,309.065831097421,38.30664876292203,76.83861585033267,173.80290335168402,166.48728873193744
2026-04-27 08:28:40.173593,163.2610745156569,379.45484801610576,311.7821308615192,39.31888560094597,78.26641846753887,176.01356182424917,167.29808560885388
2026-04-28 08:28:40.173593,168.01612935488455,368.30364899090944,318.388897585463,39.18568695428935,78.10717293033663,175.89753871151908,167.45025203083793
2026-04-29 08:28:40.173593,163.24157417512407,373.9081515871785,322.8684718495748,39.166066685956096,77.84995289090395,177.3567437801151,168.7189931499746
2026-04-30 08:28:40.173593,167.088080285881,374.5511701884252,323.22183704012394,38.3658297199643,77.85040472744694,175.11986966227016,169.5579465763862
2026-05-01 08:28:40.173593,167.172403160391,366.0041760955847,320.14992000144974,37.99551469286019,77.62994812040415,171.89852123858958,167.48482527952692
2026-05-04 08:28:40.173593,163.94093168297113,357.61850146495846,323.5669920553981,37.25970648486546,78.26646859349921,173.62862414190928,168.96565251916766
2026-05-05 08:28:40.173593,165.5052674445692,355.60005808799446,325.5414886924893,37.12166622804381,77.01709265249251,174.45629691550735,170.4902141199761
2026-05-06 08:28:40.173593,166.213827587869,366.42537283540406,329.97793499295653,38.523290754016855,76.22098050600603,172.61148810413516,169.21445953873194
2026-05-07 08:28:40.173593,164.26840484543732,364.8597675457896,333.1878207722268,37.36443985756417,75.42233484540779,170.85327491286458,169.3040380108761
2026-05-08 08:28:40.173593,164.54701091001488,355.1338564604782,338.4999310664235,36.04180030978596,76.15416348645653,173.20339885501016,170.48633719430592
2026-05-11 08:28:40.173593,163.3283310007561,353.7050197262118,335.8499748193732,37.211924287451495,77.47209762353106,170.7745775149256,170.1550586806427
2026-05-12 08:28:40.173593,163.74814147084678,352.110155212989,342.55384627089427,37.04428006971383,77.4066730425034,174.18359251435407,172.0063083662515
2026-05-13 08:28:40.173593,165.9657192605612,335.1581781351903,343.6376846092833,36.50270750352637,77.2914750978175,172.3446581518361,176.09811912498645
2026-05-14 08:28:40.173593,171.27999740935755,334.96468877264874,354.403479764643,37.341463180259154,77.36107774304516,173.70802557460448,174.74042722279987
2026-05-15 08:28:40.173593,167.09112069993384,333.70628621347004,350.8106020464607,36.84767677825069,78.27539153555406,173.06644858192183,172.35339504719494
2026-05-18 08:28:40.173593,174.26946677737735,338.02168065587665,360.01568177065894,38.33161429174044,77.56515731715628,174.3624132723874,172.90288972076172
2026-05-19 08:28:40.173593,167.51796161890235,349.4066597682413,361.15644969158416,38.90713929957813,77.76556162507326,173.26752750965838,174.17642757672445
2026-05-20 08:28:40.173593,167.05968241289818,356.6317502638965,357.6997237797639,38.49339879681137,78.539482651153,172.97236369956067,173.80043923842223
2026-05-21 08:28:40.173593,169.0754820310892,355.0483065659048,355.1749762867873,40.32417489507009,78.94874731634906,173.1005414283516,176.35228272043918
2026-05-22 08:28:40.173593,170.07638138538084,348.11866318727067,353.53932106817285,39.7908583137413,79.11420937725912,171.06206626920695,174.01807367840712
2026-05-25 08:28:40.173593,168.00927467936646,364.38293299547513,355.85941904305406,40.4444668592366,79.92200192077101,172.62555510501542,175.24998002941743
2026-05-26 08:28:40.173593,167.36034809522698,364.9170935287981,358.7214299222737,40.71481534061078,77.77750895602142,171.60558617219667,174.2144965590358
2026-05-27 08:28:40.173593,165.76038003894007,365.1545550271657,355.70619692186926,41.88489025896549,78.32029899517144,171.17773929908964,177.23603429676598
2026-05-28 08:28:40.173593,163.85624163109915,365.142047911101,355.64739197039256,43.32796070047849,77.82368902429037,169.17800799768705,180.79407489661983
2026-05-29 08:28:40.173593,166.6896506335838,366.59002808398697,367.1469144378235,43.36280033583397,76.41458770926931,164.0184164490415,179.43512432233746
2026-06-01 08:28:40.173593,167.92987326129975,365.7840845209152,376.7342759876202,42.6483898248796,76.82050398559724,163.68343619971995,178.47594106094596
2026-06-02 08:28:40.173593,165.65304781300492,362.15334237852335,379.27529406968137,43.08423023159644,77.89111950382977,168.46321924802635,180.0368700226382
2026-06-03 08:28:40.173593,168.68317295090318,358.73336143463854,379.567355833864,42.44616406413799,77.79963754094564,170.09145862293963,179.36689764836223
2026-06-04 08:28:40.173593,169.77050306734364,358.66536034620634,380.326668904526,44.33054112007388,78.55653041239763,170.09466917460355,179.3123499902201
2026-06-05 08:28:40.173593,172.5814344350574,355.30048894586935,383.9027929415311,44.46813324658183,79.83879157854945,169.6005968984186,179.38477141621863
2026-06-08 08:28:40.173593,174.8064538394051,350.88366894914014,378.0897796644269,44.1151863766314,80.90457114689833,169.6887197936125,175.96807782874737
2026-06-09 08:28:40.173593,171.96062221335998,351.6962257347531,376.7057260454821,44.29883642976218,82.24755833057688,170.84522128030528,175.97012302460485
2026-06-10 08:28:40.173593,170.08562879553602,350.2227627747722,367.3525895654214,42.990391516102775,82.87438958334961,168.46709786496064,174.78280373050293
2026-06-11 08:28:40.173593,172.67873253862018,359.8440383136778,369.6258948018861,42.07574906105586,82.95347962904647,170.76193314329282,173.9471272562372
2026-06-12 08:28:40.173593,174.838495434668,342.8171336656073,373.2881256557181,43.19113955188353,81.64118394153587,172.2705423828907,176.48437572351128
2026-06-15 08:28:40.173593,174.81785891848085,349.6896310254172,370.65726674804,42.57127439141319,81.45662384977888,173.7982769524787,174.29331003157816
2026-06-16 08:28:40.173593,175.28052271500738,357.6728821592605,379.48254267506974,41.59502815529533,80.78603496727607,174.75620245640397,175.73681626541443
2026-06-17 08:28:40.173593,179.81210228759008,344.4672330273312,372.5810891258059,42.09027355783261,82.55601071714685,174.84102909825998,175.27293621552843
2026-06-18 08:28:40.173593,177.73861201668117,342.4802162686804,364.47162952727535,43.19242805421372,82.42731760912869,176.29646436677572,174.8088832942766
2026-06-19 08:28:40.173593,179.7367401836286,340.3274076890771,365.7716186540945,43.87992075821442,82.54535749004849,177.59255535495814,176.21674491213057
2026-06-22 08:28:40.173593,179.06383224093273,331.841272137756,371.58975559337136,44.84585160783061,83.01709213670443,176.88245355912844,176.8424047461883
2026-06-23 08:28:40.173593,178.3379747814713,327.3279984228087,381.0500277340762,44.10367554772193,83.06989303821065,175.70915310504776,177.8780168529775
2026-06-24 08:28:40.173593,182.3105489443089,320.915523387503,378.5033698232289,42.72853023587871,84.49458410304719,175.96784539387082,179.62688622913603
2026-06-25 08:28:40.173593,185.37488426282445,331.1658437532774,384.7033354534556,44.14409825642018,83.98537803125,179.28277021758285,179.05871132954212
2026-06-26 08:28:40.173593,188.44658182050952,336.8758751326497,384.5580610706444,43.83513563499913,84.16561691381425,176.66178432070396,177.98930692914587
2026-06-29 08:28:40.173593,193.42337617200263,344.72103772000247,383.63919438656194,43.59762256400569,83.55754508834063,173.59488218298165,176.08455342382706
2026-06-30 08:28:40.173593,193.56265586407807,349.3368859056798,388.80102102337526,44.875916677799374,82.4712781923688,173.98150056940125,174.65754566121393
2026-07-01 08:28:40.173593,196.26073722680235,342.3770709239424,392.6831382450405,45.429553563689375,81.98323865915187,174.13123816929686,179.83456023553902
2026-07-02 08:28:40.173593,195.1017518002504,339.28151492894784,383.4763355830479,45.889733634183614,81.96927134116778,174.53698136255693,182.0998994699339
2026-07-03 08:28:40.173593,196.42519079069436,342.4058708999392,392.0463050899655,48.080052987894696,81.6337692901478,175.09156186497788,179.6669093922255
2026-07-06 08:28:40.173593,195.9728508622464,335.0104859867149,400.2406100921853,47.40417239965571,81.08484669877902,174.6663647789346,177.3178400897416
2026-07-07 08:28:40.173593,196.41181423314023,339.4440052919063,396.5650242546573,48.37654967149507,79.9607533086023,177.83277974018137,178.19887225851977
2026-07-08 08:28:40.173593,198.80865519980344,338.111396610988,398.9987648270736,48.44206548836946,79.9102936173487,174.4609194800413,179.200821786554
2026-07-09 08:28:40.173593,195.6149107225572,335.96547980868223,402.0353260917505,48.7331553196903,78.72384920706392,172.77005047715565,180.21130625336423
2026-07-10 08:28:40.173593,203.85963819837843,340.39931012376627,403.68773409366753,50.37674459818557,79.33793928764963,172.59917102829942,179.77887878337046
2026-07-13 08:28:40.173593,199.81906930156177,343.25755449319246,400.4362000312474,50.944610740878815,79.41921287663924,169.23896450127828,179.5803053531688
2026-07-14 08:28:40.173593,195.02665425107625,341.16457897498054,396.4821526316141,51.55301745458444,78.27752079106786,168.92413723469474,180.1960494496477
2026-07-15 08:28:40.173593,199.6024120255618,348.4204455632129,396.4094730660125,52.77457452490094,78.0511350956505,172.33431724044488,180.37785466115923
2026-07-16 08:28:40.173593,202.82264841368257,341.77985154831885,403.46196834923313,52.356127031840245,77.47967871041153,172.42059432415542,176.40178493850928
2026-07-17 08:28:40.173593,205.4152078926463,345.70582233442343,406.8324905684173,51.39473174965334,77.74247003135194,172.9410305200381,176.02287455613333
2026-07-20 08:28:40.173593,208.05826692329276,349.53479870940095,404.6521877900869,50.21852208119009,78.80011781164288,170.36905546030025,174.55060790757585
2026-07-21 08:28:40.173593,208.0697235566911,347.72706208646184,409.4171618013245,48.05109845373062,77.33823971995285,169.15154079324694,174.8826230955903
2026-07-22 08:28:40.173593,204.3983150930563,349.90744790942176,392.00541170855774,50.22956981090054,77.44266651272834,168.43224812846316,180.12955473900473
2026-07-23 08:28:40.173593,204.76952106700764,342.1674796345449,398.83864836086497,49.015491772197926,77.3341439391827,167.8321945743632,180.81851725998192
2026-07-24 08:28:40.173593,202.0577103363028,347.9954425593712,388.5104397095976,48.781806507713526,77.86878586901416,170.45536571234396,180.2787203078641
2026-07-27 08:28:40.173593,206.05893686216635,346.9764289219653,386.47596045484016,48.48960872601755,78.05037325211032,171.63871675829694,181.96757406745357
2026-07-28 08:28:40.173593,205.5147047894237,343.85051328798403,380.062373178161,48.8223903578136,77.47906845659719,169.39239582797285,182.8732046422357
2026-07-29 08:28:40.173593,202.1833229467944,350.4806959867604,372.7574899402123,49.703449890489125,77.2473642530599,169.93581634694957,183.66887588014689
2026-07-30 08:28:40.173593,200.9444007954093,346.1774286613996,379.322644630979,50.6493272555154,76.64790473275698,170.9942889356676,184.81102187436008
2026-07-31 08:28:40.173593,202.66420938862777,337.53950445386783,376.73736431122455,50.00467762821047,77.48797124021425,173.37654519737308,188.63946270509413
2026-08-03 08:28:40.173593,200.4400728353048,328.216891138355,378.7708261709893,49.82582701267689,77.51998279865603,176.70823353904572,186.53445675630704
2026-08-04 08:28:40.173593,197.20408653767524,331.9284265349426,378.57999813982616,50.14056474944434,79.00928948778113,174.5999045792667,187.4459239463243
2026-08-05 08:28:40.173593,198.22437004250008,324.41100170081813,381.3646858716955,49.87124950858888,78.97716366768626,172.9446468263951,185.73757716655797
2026-08-06 08:28:40.173593,199.2550042383028,334.78770779191217,381.88041615415375,51.63976394344057,78.43347952868395,170.3779866841015,186.7972335333029
2026-08-07 08:28:40.173593,197.2945614484312,322.3755441385296,374.6075481699495,52.20271219313923,77.26190735633696,169.9421191915076,185.1091721300332
2026-08-10 08:28:40.173593,195.49508389821816,332.3486231632109,380.280605737926,53.05190996272892,75.88421963163401,170.93565188677889,184.36435425244284
2026-08-11 08:28:40.173593,196.46102486283377,333.7439271768634,377.5401710710985,53.83089173611431,74.6972872773064,173.00363383043228,183.84796829073196
2026-08-12 08:28:40.173593,190.83012049392488,333.296431299962,368.8005961607201,55.22599599719187,74.91176309666216,172.8892071018903,185.66956469873205
2026-08-13 08:28:40.173593,185.5156398969708,330.1605973068302,366.5060193811072,55.45145470607187,75.30784033349693,172.2688511873974,187.4027055014609
2026-08-14 08:28:40.173593,182.90564180022136,332.66468386833463,374.8298830386725,53.874953055026346,74.13214133230917,172.62563649999262,185.09630784092377
2026-08-17 08:28:40.173593,182.17969972727576,332.57239448695844,379.6851767575802,54.354070282353184,74.81047882854486,170.9387880095696,185.22575329830585
2026-08-18 08:28:40.173593,183.3671745760656,339.3101229221489,377.7754430837384,53.580619924932186,74.46406063851198,175.2677213055988,183.9392125300884
2026-08-19 08:28:40.173593,188.83282274834383,340.14350172647295,375.8718834123656,52.9628585776868,74.5882614880977,171.93028521766755,181.6519193896192
2026-08-20 08:28:40.173593,192.12855834729876,341.1997941414309,374.1336542019604,53.65137618475271,75.80570647836353,172.35441779402186,181.28495154002903
2026-08-21 08:28:40.173593,191.57162173108176,339.10311464390327,385.86320061199336,55.11832432192252,76.50072299902679,176.58283605958658,180.7529114091986
2026-08-24 08:28:40.173593,191.5562339018592,338.8911679991161,388.1509957924946,55.14963013499301,76.31059525650467,176.6413905986475,185.1663850466265
2026-08-25 08:28:40.173593,187.77288578270893,340.9043278838122,390.732442395495,55.52984967920929,75.64578328346187,176.28272583336886,185.99585606170808
2026-08-26 08:28:40.173593,187.75969234904017,330.5466210985643,396.849066439277,57.61492494411778,74.03315482496883,175.570659073191,183.4614439763336
2026-08-27 08:28:40.173593,186.7320511119941,322.6573533009588,398.3498850750972,57.92584791667061,73.5155495656702,175.23449390045914,182.4528206496751
2026-08-28 08:28:40.173593,187.9933087014045,327.1031694991372,396.8817139168531,61.24714391024872,73.37503912020983,178.16514741587775,184.34373120492805
2026-08-31 08:28:40.173593,184.9394290512432,328.240042041588,395.792175290154,62.01525733890958,72.6653707638,173.48076826078469,188.22129609619685
2026-09-01 08:28:40.173593,186.91586383642888,327.28430549333626,395.44624545195694,59.61918744096351,72.58452547616182,176.7163935317843,185.2643709444476
2026-09-02 08:28:40.173593,192.7018029547716,327.5238156811883,395.3045437959202,60.61324889665323,72.65482495582215,173.7409337598699,181.80933051373017
2026-09-03 08:28:40.173593,192.3404479617127,329.7039683626793,399.6981336766772,61.12758167868572,72.50598720082795,173.22842789726468,185.23819117279567
2026-09-04 08:28:40.173593,193.94345834770084,326.6325535959413,400.0895134075529,62.86816270690465,72.04919761021121,172.37944697089486,185.98769115618623
2026-09-07 08:28:40.173593,196.67861963541196,322.1872527385687,404.5663554901752,63.805526367079,72.18512178761742,173.63999567850942,184.40067170536588
